Date,adjusted,close,high,low,open,volume,SMA_10,SMA_20,SMA_50,EMA_10,EMA_20,EMA_50,RSI_14,MACD,MACD_signal,MACD_hist,BB_mid_20,BB_upper_20,BB_lower_20,BB_pctB_20,ATR,OBV,return_pct,return_log,volatility_10,volatility_20,momentum_10,roc_10,momentum_20,roc_20,Value,wti_value,gold_price
2026-08-31,233.8699951171875,233.8699951171875,235.94000244140625,232.17999267578125,232.72999572753906,6096600.0,233.58099822998048,233.88751831054688,242.49955352783203,233.92857740417602,233.80968027824582,239.14749439835174,49.21542266110556,-0.8747888320109496,-1.831015740549968,0.9562269085390185,233.88751831054688,240.73753573462653,227.03750088646723,0.49872093804478645,7.6703871459860276,143389100.0,-0.02060387079558179,-0.02081909193286115,0.3480605878309468,0.29575916432165983,-0.45001220703125,-0.1920502701284854,11.81292724609375,5.319770885631647,5.19,83.9,4460.1640448336
2026-09-01,231.39999389648438,231.39999389648438,233.08999633789062,229.91000366210938,231.0,3210957.0,234.12799682617188,234.32835311889647,241.884365234375,233.66946673255225,233.71947713972088,238.7070906857504,47.048343201833234,-0.8520428515596734,-1.4360122075292272,0.5839693559695538,234.32835311889647,239.82414504553353,228.83256119225942,0.23358168745263988,6.984634444292025,136234843.0,-0.010561428452869559,-0.010617596162555285,0.3095217622615982,0.25746735539529486,-1.2700042724609375,-0.5458392927560674,-2.075164794921875,-0.888816097846501,5.25,83.9,4455.8633368891
2026-09-02,231.39999389648438,231.39999389648438,232.84500122070312,229.10000610351562,230.5449981689453,4648208.0,234.12799682617188,234.32835311889647,241.884365234375,233.66946673255225,233.71947713975374,238.70720107953483,47.048343254926166,-0.8520428619349047,-1.3192183506165152,0.4671754886816104,234.32835311889647,239.82414504553003,228.83256119226292,0.23358168745247043,6.753895560178572,133045800.0,-0.010561428452869559,-0.010617596162555285,0.3095217622615982,0.25746735539529453,-1.2700042724609375,-0.5458392927560674,-2.075164794921875,-0.888816097846501,5.27,91.48,4322.6718953706
2026-09-03,231.6999969482422,231.6999969482422,238.1649932861328,232.81500244140625,234.3800048828125,4370121.0,233.58199615478514,234.2013687133789,241.25730499267578,233.31138131722315,233.52714569298007,238.4325395298024,47.338259416581444,-0.9408714035919274,-1.2577615403253986,0.3168901367334711,234.2013687133789,239.8217377896536,228.5809996371042,0.27747264181494935,6.735581585237114,132934300.0,0.0012964695750683486,0.0012956298840663448,0.2900610629411515,0.25719646781907957,-5.4600067138671875,-2.302246006728126,-2.5396881103515625,-1.0842262316550944,5.27,91.48,4390.881544115
2026-09-03,234.7100067138672,234.7100067138672,238.2899932861328,232.82000732421875,234.3800048828125,4371500.0,233.68399658203126,234.34849853515624,240.72976318359375,233.56567684388517,233.63979912243917,238.28655780472786,50.27966008070219,-0.7596294785508064,-1.2215131482521666,0.4618836697013602,234.34849853515624,239.8534670257561,228.8435300445564,0.5328347182484561,6.744510156665685,137305800.0,0.012990978874710013,0.01290731987122709,0.28999829776134384,0.258468908677646,1.0200042724609375,0.43647749660009616,2.942596435546875,1.2696333932424864,5.27,91.48,4390.881544115
2026-09-04,234.7100067138672,234.7100067138672,236.1699981689453,231.67999267578125,233.3300018310547,3055465.0,233.68399658203126,234.34849853515624,240.72976318359375,233.56567684388568,233.63979912355552,238.28661516569917,50.279660777430934,-0.7596294894603091,-1.1291364293164028,0.36950693985609373,234.34849853515624,239.8534670257607,228.84353004455178,0.5328347182484285,6.583474087177241,134158300.0,0.012990978874710013,0.01290731987122709,0.28999829776134384,0.2584689086776471,1.0200042724609375,0.43647749660009616,2.942596435546875,1.2696333932424864,5.25,91.48,4481.565751516
2026-09-04,234.88999938964844,234.88999938964844,236.1699981689453,231.67999267578125,233.3300018310547,3721100.0,233.60499725341796,234.31349868774413,240.2989535522461,233.80646276129707,233.75886581556352,238.15341454620847,50.45785981154883,-0.5946156978455406,-1.096133670972623,0.5015179731270825,234.31349868774413,239.79407928485156,228.8329180906367,0.552594856666151,6.583474087177241,137879400.0,0.0007668726114462565,0.0007665787148897116,0.2866540805487572,0.2517092757372053,-0.7899932861328125,-0.335197433249923,-0.6999969482421875,-0.29712507284826994,5.25,91.48,4481.565751516
2026-09-08,234.88999938964844,234.88999938964844,233.0500030517578,230.1999969482422,232.9499969482422,4541477.0,233.60499725341796,234.31349868774413,240.2989535522461,233.80646276129667,233.75886581469567,238.15386892848372,50.45785857837499,-0.5946157356668209,-0.9958301284173764,0.4012143927505555,234.31349868774413,239.794079284833,228.83291809065526,0.5525948566663291,6.4482261269412895,126008000.0,0.0007668726114462565,0.0007665787148897116,0.28665408054875646,0.2517092757372057,-0.7899932861328125,-0.335197433249923,-0.6999969482421875,-0.29712507284826994,5.24,91.48,4416.5631718697
2026-09-09,232.08999633789062,232.08999633789062,241.5,230.36000061035156,232.64999389648438,6325191.0,233.70999755859376,234.10249862670898,239.54684661865235,233.49437795704134,233.59992586539843,237.91597151089564,47.599839871180095,-0.6819172380097598,-0.9470157858868581,0.2650985478770983,234.10249862670898,239.58437617541415,228.6206210780038,0.3164404192780893,6.783352786392356,126408100.0,-0.0119204864363468,-0.01199210515711714,0.2742448852973322,0.2548679837044002,1.0500030517578125,0.4544680930878675,-4.220001220703125,-1.7857903873308434,5.25,91.48,4351.8278765038
2026-09-10,239.94000244140625,239.94000244140625,242.30999755859375,231.83999633789062,238.17999267578125,5352692.0,234.28499755859374,234.17849884033203,238.8252474975586,234.66630968147106,234.20374268134506,237.99535096583384,55.252331320773806,-0.11633340132897274,-0.6903858911293226,0.5740524898003498,234.17849884033203,239.9470577184703,228.40993996219376,0.9993884714351466,7.046684795456138,129229600.0,0.033823112703604385,0.03326369056568162,0.3165965832130946,0.2813835126935035,5.75,2.455271335264886,1.5200042724609375,0.6375322054083199,5.28,97.26,4395.9715316884
2026-09-11,234.02000427246094,234.02000427246094,243.5500030517578,235.0,235.77999877929688,4908830.0,234.6999984741211,234.08049926757812,237.9215057373047,234.5487996071056,234.18624378521318,237.8392972590165,49.39391884695584,-0.1441369791628233,-0.5855846656025712,0.44144768643974786,234.08049926757812,239.78645074851266,228.37454778664357,0.4946989564037378,7.224727282808221,126845300.0,-0.024672826993035413,-0.02498230221422038,0.3294698806944168,0.29308985833354406,4.1500091552734375,1.8053722727743526,-1.959991455078125,-0.8305752566167168,5.37,97.26,4318.8913924063
2026-09-14,243.2899932861328,243.2899932861328,251.3699951171875,244.12010192871094,249.41000366210938,6475704.0,235.1499984741211,234.38799896240235,237.10308135986327,236.13810754874703,235.0532675479124,238.0531738229025,57.069895751320246,0.5752084518102833,-0.2383307892873554,0.8135392410976388,234.38799896240235,241.31943852994746,227.45655939485724,1.142146139844602,7.291124567425662,127731600.0,0.03961195130515072,0.038847519780248904,0.3320116701379316,0.32531494380849313,4.5,1.8845010789911187,6.149993896484375,2.593402172688397,5.35,97.26,4345.9006640102
2026-09-15,249.08999633789062,249.08999633789062,251.81500244140625,246.14999389648438,246.19000244140625,4221081.0,236.4999984741211,235.12649841308593,236.33572296142577,238.4929964195004,236.39009886126138,238.48604695768236,61.05064581963822,1.5949214088919632,0.2914737178741555,1.3034476910178077,235.12649841308593,244.67911760713335,225.5738792190385,1.2308727397772672,7.174973410771358,131971100.0,0.023839875094806784,0.023560142412215886,0.3360516417822182,0.33052069148827623,13.5,5.730294244174039,14.769989013671875,6.303340966200666,5.34,97.26,4285.3824746712
2026-09-16,248.3699951171875,248.3699951171875,243.33990478515625,235.41000366210938,240.5,6170820.0,237.9499984741211,236.10249786376954,235.35538909912108,240.2888143645344,237.53104136184527,238.8737217017428,60.30310977315678,2.3182300774936664,0.8125543699937039,1.5056757074999625,236.10249786376954,246.86690201673733,225.33809371080176,1.0698177567048968,7.588520944883356,123479500.0,-0.0028905264414008647,-0.002894712080701667,0.3319463593484893,0.3163509451148528,14.5,6.200025784724694,19.519989013671875,8.529599516306074,5.36,107.02,4282.4681748378
2026-09-17,237.49000549316406,237.49000549316406,243.36500549316406,237.35000610351562,238.5800018310547,5675675.0,238.55899963378906,236.34349822998047,234.02619689941406,239.77994002428517,237.52713318345855,238.81971989006,50.283562606977526,1.9905869099947608,0.9957379484399791,0.9948489615547818,236.34349822998047,246.9996097394599,225.68738672050102,0.5537957613414465,7.476126585485591,112309300.0,-0.04380557167901855,-0.04479400970422255,0.4114558286269017,0.3553697974212534,6.0900115966796875,2.6318114767989176,4.82000732421875,2.071606722891217,5.35,107.02,4283.8128847667
2026-09-18,237.75,237.75,237.88999938964844,229.3800048828125,237.85000610351562,13329035.0,239.16399993896485,236.372998046875,232.78322326660157,239.41086001986966,237.5483585945765,238.77783195465182,50.495240976893484,1.7319419869913304,1.1015955623564044,0.630346424634926,236.372998046875,247.041885876361,225.70411021738903,0.5645335284770414,7.550305203537045,108352500.0,0.001094759782821253,0.0010941609703275876,0.4114791395776895,0.34893341961645385,6.0500030517578125,2.611136439984185,0.589996337890625,0.24877564883631909,5.29,107.02,4353.6562004772
2026-09-21,230.2899932861328,230.2899932861328,234.6999969482422,230.13999938964844,231.99000549316406,2162095.0,238.18799896240233,235.89649810791016,230.40585083007812,236.2856162713719,236.1678850037478,238.0975021112359,44.79338294358105,0.21798953170258528,0.784632719929436,-0.5666431882268507,235.89649810791016,247.24741726968938,224.54557894613095,0.2530374086067163,7.378854413256887,92096395.0,0.0032236559552916155,0.0032184711162026106,0.4469528539170171,0.36562899347199534,-4.600006103515625,-1.9583660928385815,-5.3899993896484375,-2.2869991332116646,5.29,107.02,4353.6562004772
2026-09-21,229.5500030517578,229.5500030517578,234.6999969482422,228.35000610351562,231.99000549316406,8116282.0,238.64799957275392,236.16599807739257,231.51028839111328,237.6179769347584,236.7866104477071,238.41617594091656,44.11552448689986,0.8554318957392297,0.9121211927391493,-0.056689296999919536,236.16599807739257,247.20818856610978,225.12380758867536,0.2004219845512124,7.464568480988471,89934300.0,-0.034489997679252093,-0.03509881743574546,0.4463773714152684,0.3669017523296299,-5.160003662109375,-2.198459168551725,-4.1399993896484375,-1.7715774514942995,5.34,107.02,4364.9880814
2026-09-22,231.92999267578125,231.92999267578125,236.1999969482422,230.0800018310547,234.47000122070312,4782617.0,238.35199890136718,235.97849807739257,230.4386508178711,236.58379797858072,236.32407542182108,238.16185425676474,46.23860925587822,0.34881569010346425,0.7184014955105421,-0.36958580540707786,235.97849807739257,247.18161584607756,224.77538030870758,0.3193134498269881,7.36852750739511,92714200.0,0.01036806618332653,0.010314686431301654,0.4505446179727676,0.367573190286006,-2.9600067138671875,-1.2601671938178072,-3.75,-1.5911405789793887,5.29,107.02,4371.3974220995
2026-09-23,231.92999267578125,231.92999267578125,237.86000061035156,232.52999877929688,233.47000122070312,4518779.0,238.35199890136718,235.97849807739257,230.4386508178711,236.58379797858072,236.32407542175207,238.1616376271507,46.23861144908407,0.3488157119486459,0.718401525579748,-0.3695858136311021,235.97849807739257,247.1816158460777,224.77538030870744,0.31931344982699045,7.354957015211228,95874100.0,0.01036806618332653,0.010314686431301654,0.4505446179727676,0.3675731902860065,-2.9600067138671875,-1.2601671938178072,-3.75,-1.5911405789793887,5.29,96.97,4365.1119302001
